CustomerKey,FullName
11000,Jon Yang
11001,Eugene Huang
11002,Ruben Torres
11003,Christy Zhu
11005,Julio Ruiz
11007,Marco Mehta
11010,Jacquelyn Suarez
11011,Curtis Lu
11017,Shannon Wang
11018,Clarence Rai
11025,Alejandro Beck
11027,Jessie Zhao
11029,Jimmy Moreno
11238,Mayra Prasad
11239,Latoya Goel
11591,Stacey Lu
11592,Darrell Raji
11599,Melody Diaz
11601,Ivan Raman
11606,Melody Ramos
11607,Clinton Moreno
13257,Jon Chander
13258,Anne Dominguez
13260,James Flores
13261,Lindsey Andersen
13264,Melanie Sanchez
13265,Luke Adams
13513,Abigail Henderson
13563,Phillip Sai
13576,Tamara Lal
13581,Albert Blanco
13590,Louis Xie
13591,Latasha Alonso
14501,Ruben Prasad
14520,Bonnie Xu
14559,Ashley Washington
14560,Kelvin Huang
16348,Roy Raman
16351,Martha Xu
16352,Tiffany Gao
16482,Tabitha Arthur
16483,Warren Jai
16484,Dustin Lal
16493,Brenda Fernandez
16495,Monique Ramos
16514,Manuel Fernandez
16515,Troy Sai
16516,Melvin She
16517,Katrina Raji
16518,Krystal Holt
16520,Misty Raji
16522,Casey Pal
16524,Damien Huang
16525,Martha Liang
16526,Arthur Perez
16527,Cory Arun
16529,Jonathon Gutierrez
16607,Logan Gonzales
16612,Ebony Ashe
16616,Kelvin Liang
16620,Cameron Thompson
16623,Andres Lal
16624,Albert Alvarez
16629,Rosa Zheng
16631,Haley Ward
17956,Jaime Gomez
19941,Cedric Liang
20042,Brad Deng
21659,Gabrielle Jenkins
21768,Cole Watson
25249,Alexandra Watson
25252,Warren Zhang
25857,Abigail Perry
25861,Garrett Cooper
25863,Sydney Wright
25865,Tristan Butler
27577,Patrick Cook
27578,Courtney Carter
27601,Sydney Rogers
27604,Richard Brooks
27606,Courtney Edwards
27612,Lucas Hill
27614,Warren Ye
27615,Maria Henderson
27616,Emma Brown
27617,Morgan Phillips
27621,Edward Brown
27623,Christian Jackson
27625,Alexandria Hughes
27636,Paige Murphy
27645,Colin Anand
27646,Jackson Li
27649,Evan Bailey
27666,Alyssa Garcia
27667,Jessica Sanchez
27668,Kevin Gonzalez
27670,Kayla Long
27671,Jeremiah Martinez
28389,Rachael Martinez
29385,Don Lal
